Page URL,Page Title,Discovered
https://bansallawyers.com.au/human-rights-legal-recourse-australia,Human Rights Legal Help in Australia | Bansal Lawyers - Experimental,27 Nov 2025 (06:38 UTC)
https://www.bansallawyers.com.au/human-rights-legal-recourse-australia,Human Rights Legal Help in Australia | Bansal Lawyers - Experimental,27 Nov 2025 (06:38 UTC)
https://www.bansallawyers.com.au/visa-refusal-australia-review-appeal-bansal-lawyers,Visa Refusal Australia | Bansal Lawyers Melbourne Australia - Experimental,27 Nov 2025 (06:38 UTC)
https://bansallawyers.com.au/visa-refusal-australia-review-appeal-bansal-lawyers,Visa Refusal Australia | Bansal Lawyers Melbourne Australia - Experimental,27 Nov 2025 (06:38 UTC)
https://bansallawyers.com.au/breaking-australia-national-innovation-visa-set-to-revolutionize-immigration-in-2024,Australia’s National Innovation Visa 2024: Revolutionizing Immigration - Experimental,27 Nov 2025 (06:38 UTC)
https://www.bansallawyers.com.au/breaking-australia-national-innovation-visa-set-to-revolutionize-immigration-in-2024,Australia’s National Innovation Visa 2024: Revolutionizing Immigration - Experimental,27 Nov 2025 (06:38 UTC)
https://bansallawyers.com.au/guide-to-successful-co-parenting-after-divorce,Successful Co-Parenting After Divorce in Australia: Legal Insights - Experimental,27 Nov 2025 (06:38 UTC)
https://www.bansallawyers.com.au/guide-to-successful-co-parenting-after-divorce,Successful Co-Parenting After Divorce in Australia: Legal Insights - Experimental,27 Nov 2025 (06:38 UTC)
https://www.bansallawyers.com.au/why-you-need-power-of-attorney-today,Why You Need Power of Attorney Today | Bansal Lawyers - Experimental,27 Nov 2025 (06:38 UTC)
https://bansallawyers.com.au/why-you-need-power-of-attorney-today,Why You Need Power of Attorney Today | Bansal Lawyers - Experimental,27 Nov 2025 (06:38 UTC)
https://www.bansallawyers.com.au/parenting-arrangements-after-divorce-in-australia,Parenting Arrangements After Divorce in Australia - Experimental,27 Nov 2025 (06:38 UTC)
https://bansallawyers.com.au/parenting-arrangements-after-divorce-in-australia,Parenting Arrangements After Divorce in Australia - Experimental,27 Nov 2025 (06:38 UTC)
https://www.bansallawyers.com.au/important-changes-to-student-visa-processing-ministerial-direction,Important Changes to Student Visa Processing – Ministerial Direction - Experimental,27 Nov 2025 (06:38 UTC)
https://bansallawyers.com.au/important-changes-to-student-visa-processing-ministerial-direction,Important Changes to Student Visa Processing – Ministerial Direction - Experimental,27 Nov 2025 (06:38 UTC)
https://bansallawyers.com.au/judicial-review-of-migration-decisions-in-australia-a-guide-by-bansal-lawyers,Judicial Review of Migration Decisions – Australia Guide - Experimental,27 Nov 2025 (06:38 UTC)
https://www.bansallawyers.com.au/judicial-review-of-migration-decisions-in-australia-a-guide-by-bansal-lawyers,Judicial Review of Migration Decisions – Australia Guide - Experimental,27 Nov 2025 (06:38 UTC)
https://bansallawyers.com.au/top-legal-risks-for-small-businesses,Top 8 Legal Risks for Small Businesses in Australia - Experimental,27 Nov 2025 (06:38 UTC)
https://www.bansallawyers.com.au/top-legal-risks-for-small-businesses,Top 8 Legal Risks for Small Businesses in Australia - Experimental,27 Nov 2025 (06:38 UTC)
https://bansallawyers.com.au/breaking-rental-agreement-early-in-australia,Breaking a Rental Agreement Early in Australia: Your Legal Rights - Experimental,27 Nov 2025 (06:38 UTC)
https://www.bansallawyers.com.au/breaking-rental-agreement-early-in-australia,Breaking a Rental Agreement Early in Australia: Your Legal Rights - Experimental,27 Nov 2025 (06:38 UTC)
https://www.bansallawyers.com.au/administrative-law-explained-expert-guidance-bansal-lawyers,Administrative Law Explained | Expert Guidance by Bansal Lawyers - Experimental,27 Nov 2025 (06:38 UTC)
https://bansallawyers.com.au/administrative-law-explained-expert-guidance-bansal-lawyers,Administrative Law Explained | Expert Guidance by Bansal Lawyers - Experimental,27 Nov 2025 (06:38 UTC)
https://bansallawyers.com.au/noicc-visa-cancellation-australia,NOICC Visa Cancellation Australia | Bansal Lawyers Australia - Experimental,27 Nov 2025 (06:38 UTC)
https://www.bansallawyers.com.au/noicc-visa-cancellation-australia,NOICC Visa Cancellation Australia | Bansal Lawyers Australia - Experimental,27 Nov 2025 (06:38 UTC)
https://bansallawyers.com.au/book-an-appointment,Book Appointment with Top Law Firm in Melbourne,14 Nov 2025 (01:12 UTC)
https://www.bansallawyers.com.au/book-an-appointment,Book Appointment with Top Law Firm in Melbourne,14 Nov 2025 (01:12 UTC)
https://www.bansallawyers.com.au/closing-loopholes-reforms-independent-contractors,New Rules for Independent Contractors in Australia – 2025 - Experimental,27 Nov 2025 (06:38 UTC)
https://bansallawyers.com.au/closing-loopholes-reforms-independent-contractors,New Rules for Independent Contractors in Australia – 2025 - Experimental,27 Nov 2025 (06:38 UTC)
https://bansallawyers.com.au/about,About Bansal Lawyers - Leading Legal Firm in Melbourne | Expert Legal Services,27 Nov 2025 (06:38 UTC)
https://www.bansallawyers.com.au/about,About Bansal Lawyers - Leading Legal Firm in Melbourne | Expert Legal Services,27 Nov 2025 (06:38 UTC)
https://bansallawyers.com.au/understanding-family-law-court-fees-australia,Family Law Court Fees in Australia Explained | Bansal Lawyers - Experimental,27 Nov 2025 (06:38 UTC)
https://www.bansallawyers.com.au/understanding-family-law-court-fees-australia,Family Law Court Fees in Australia Explained | Bansal Lawyers - Experimental,27 Nov 2025 (06:38 UTC)
https://www.bansallawyers.com.au/divorce-laws-india-vs-australia,Understanding Divorce in India and Australia: Key Differences Explained - Experimental,27 Nov 2025 (06:38 UTC)
https://bansallawyers.com.au/divorce-laws-india-vs-australia,Understanding Divorce in India and Australia: Key Differences Explained - Experimental,27 Nov 2025 (06:38 UTC)
https://bansallawyers.com.au/step-by-step-guide-applying-divorce-in-australia,Step-by-Step Guide to Divorce in Australia: Legal Support and Advice - Experimental,27 Nov 2025 (06:38 UTC)
https://www.bansallawyers.com.au/step-by-step-guide-applying-divorce-in-australia,Step-by-Step Guide to Divorce in Australia: Legal Support and Advice - Experimental,27 Nov 2025 (06:38 UTC)
https://www.bansallawyers.com.au/how-to-build-strong-brand-legal-considerations-for-your-business-identity-in-australia,How to Legally Build a Strong Brand in Australia - Experimental,27 Nov 2025 (06:38 UTC)
https://bansallawyers.com.au/how-to-build-strong-brand-legal-considerations-for-your-business-identity-in-australia,How to Legally Build a Strong Brand in Australia - Experimental,27 Nov 2025 (06:38 UTC)
https://www.bansallawyers.com.au/what-is-the-civil-dispute-resolution-act-2011-australia,What is the Civil Dispute Resolution Act 2011 in Australia - Experimental,27 Nov 2025 (06:38 UTC)
https://bansallawyers.com.au/what-is-the-civil-dispute-resolution-act-2011-australia,What is the Civil Dispute Resolution Act 2011 in Australia - Experimental,27 Nov 2025 (06:38 UTC)
https://bansallawyers.com.au/how-to-appeal-visa-refusal-administrative-review-tribunal,How to Appeal Your Australian Visa Refusal: ART Process Explained - Experimental,27 Nov 2025 (06:38 UTC)
https://www.bansallawyers.com.au/how-to-appeal-visa-refusal-administrative-review-tribunal,How to Appeal Your Australian Visa Refusal: ART Process Explained - Experimental,27 Nov 2025 (06:38 UTC)
https://www.bansallawyers.com.au/difference-between-courts-and-administrative-review-tribunal,Difference Between Courts and Tribunals in Australia - Experimental,27 Nov 2025 (06:38 UTC)
https://bansallawyers.com.au/difference-between-courts-and-administrative-review-tribunal,Difference Between Courts and Tribunals in Australia - Experimental,27 Nov 2025 (06:38 UTC)
https://bansallawyers.com.au/hiding-assets-during-divorce-australia,Hiding Assets During Divorce in Australia – What You Must Know - Experimental,27 Nov 2025 (06:38 UTC)
https://www.bansallawyers.com.au/hiding-assets-during-divorce-australia,Hiding Assets During Divorce in Australia – What You Must Know - Experimental,27 Nov 2025 (06:38 UTC)
https://www.bansallawyers.com.au/understanding-affidavits-statutory-declarations-statements-of-evidence,"Understanding Affidavits, Statutory Declarations, and Evidence in Australia - Experimental",27 Nov 2025 (06:38 UTC)
https://bansallawyers.com.au/understanding-affidavits-statutory-declarations-statements-of-evidence,"Understanding Affidavits, Statutory Declarations, and Evidence in Australia - Experimental",27 Nov 2025 (06:38 UTC)
https://bansallawyers.com.au/top-10-legal-services-australia-bansal-lawyers-melbourne,Top 10 Legal Services in Australia | Best Lawyers in Melbourne - Experimental,27 Nov 2025 (06:38 UTC)
https://www.bansallawyers.com.au/top-10-legal-services-australia-bansal-lawyers-melbourne,Top 10 Legal Services in Australia | Best Lawyers in Melbourne - Experimental,27 Nov 2025 (06:38 UTC)
https://www.bansallawyers.com.au/why-you-need-power-of-attorney-bansal-lawyers-australia,Why You Need Power of Attorney – Bansal Lawyers Australia - Experimental,27 Nov 2025 (06:38 UTC)
https://bansallawyers.com.au/why-you-need-power-of-attorney-bansal-lawyers-australia,Why You Need Power of Attorney – Bansal Lawyers Australia - Experimental,27 Nov 2025 (06:38 UTC)
https://www.bansallawyers.com.au/how-to-divide-finances-and-property-after-separation-australia,How to Divide Finances and Property After Separation in Australia - Experimental,27 Nov 2025 (06:38 UTC)
https://bansallawyers.com.au/how-to-divide-finances-and-property-after-separation-australia,How to Divide Finances and Property After Separation in Australia - Experimental,27 Nov 2025 (06:38 UTC)
https://www.bansallawyers.com.au/understanding-administrative-law-bansal-lawyers,Administrative Law Guide | Legal Advice by Bansal Lawyers - Experimental,27 Nov 2025 (06:38 UTC)
https://bansallawyers.com.au/understanding-administrative-law-bansal-lawyers,Administrative Law Guide | Legal Advice by Bansal Lawyers - Experimental,27 Nov 2025 (06:38 UTC)
https://bansallawyers.com.au/exciting-changes-to-australias-administrative-review-system,What is the new Changes in Administrative Review Tribunal (ART) - Experimental,27 Nov 2025 (06:38 UTC)
https://www.bansallawyers.com.au/exciting-changes-to-australias-administrative-review-system,What is the new Changes in Administrative Review Tribunal (ART) - Experimental,27 Nov 2025 (06:38 UTC)
https://www.bansallawyers.com.au/how-to-appeal-visa-refusal-cancellation-art,How to Appeal a Visa Refusal or Cancellation ART Guide - Experimental,27 Nov 2025 (06:38 UTC)
https://bansallawyers.com.au/how-to-appeal-visa-refusal-cancellation-art,How to Appeal a Visa Refusal or Cancellation ART Guide - Experimental,27 Nov 2025 (06:38 UTC)
https://www.bansallawyers.com.au/dont-miss-out-why-the-new-subclass-482-sid-visa-is-the-fastest-way-to-work-and-stay-in-australia,Subclass 482 Visa: Fastest Way to Work & Stay in Australia - Experimental,27 Nov 2025 (06:38 UTC)
https://bansallawyers.com.au/dont-miss-out-why-the-new-subclass-482-sid-visa-is-the-fastest-way-to-work-and-stay-in-australia,Subclass 482 Visa: Fastest Way to Work & Stay in Australia - Experimental,27 Nov 2025 (06:38 UTC)
https://www.bansallawyers.com.au/understanding-de-facto-relationship-vs-marriage-australia,De Facto Relationship vs Marriage in Australia - Experimental,27 Nov 2025 (06:38 UTC)
https://bansallawyers.com.au/understanding-de-facto-relationship-vs-marriage-australia,De Facto Relationship vs Marriage in Australia - Experimental,27 Nov 2025 (06:38 UTC)
https://bansallawyers.com.au/navigating-corporate-litigation,Corporate Litigation Lawyers Melbourne - Experimental,27 Nov 2025 (06:38 UTC)
https://www.bansallawyers.com.au/navigating-corporate-litigation,Corporate Litigation Lawyers Melbourne - Experimental,27 Nov 2025 (06:38 UTC)
