Page URL,Image URL,HTTP Code,Discovered
https://bansallawyers.com.au/administrative-law-explained-expert-guidance-bansal-lawyers,https://bansallawyers.com.au/images/blog/Top_10_legal_Service_in_Australia.jpg,404,27 Nov 2025 (08:30 UTC)
https://bansallawyers.com.au/breaking-rental-agreement-early-in-australia,https://bansallawyers.com.au/images/blog/Top_10_legal_Service_in_Australia.jpg,404,27 Nov 2025 (08:30 UTC)
https://bansallawyers.com.au/closing-loopholes-reforms-independent-contractors,https://bansallawyers.com.au/images/blog/Top_10_legal_Service_in_Australia.jpg,404,27 Nov 2025 (08:30 UTC)
https://bansallawyers.com.au/guide-to-successful-co-parenting-after-divorce,https://bansallawyers.com.au/images/blog/Top_10_legal_Service_in_Australia.jpg,404,27 Nov 2025 (08:30 UTC)
https://bansallawyers.com.au/hiding-assets-during-divorce-australia,https://bansallawyers.com.au/images/blog/Top_10_legal_Service_in_Australia.jpg,404,27 Nov 2025 (08:30 UTC)
https://bansallawyers.com.au/how-to-appeal-visa-refusal-administrative-review-tribunal,https://bansallawyers.com.au/images/blog/Top_10_legal_Service_in_Australia.jpg,404,27 Nov 2025 (08:30 UTC)
https://bansallawyers.com.au/how-to-appeal-visa-refusal-cancellation-art,https://bansallawyers.com.au/images/blog/Top_10_legal_Service_in_Australia.jpg,404,27 Nov 2025 (08:30 UTC)
https://bansallawyers.com.au/how-to-build-strong-brand-legal-considerations-for-your-business-identity-in-australia,https://bansallawyers.com.au/images/blog/Top_10_legal_Service_in_Australia.jpg,404,27 Nov 2025 (08:30 UTC)
https://bansallawyers.com.au/human-rights-legal-recourse-australia,https://bansallawyers.com.au/images/blog/Top_10_legal_Service_in_Australia.jpg,404,27 Nov 2025 (08:30 UTC)
https://bansallawyers.com.au/important-changes-to-student-visa-processing-ministerial-direction,https://bansallawyers.com.au/images/blog/Top_10_legal_Service_in_Australia.jpg,404,27 Nov 2025 (08:30 UTC)
https://bansallawyers.com.au/judicial-review-of-migration-decisions-in-australia-a-guide-by-bansal-lawyers,https://bansallawyers.com.au/images/blog/Top_10_legal_Service_in_Australia.jpg,404,27 Nov 2025 (08:30 UTC)
https://bansallawyers.com.au/navigating-corporate-litigation,https://bansallawyers.com.au/images/blog/Top_10_legal_Service_in_Australia.jpg,404,27 Nov 2025 (08:30 UTC)
https://bansallawyers.com.au/noicc-visa-cancellation-australia,https://bansallawyers.com.au/images/blog/Top_10_legal_Service_in_Australia.jpg,404,27 Nov 2025 (08:30 UTC)
https://bansallawyers.com.au/top-10-legal-services-australia-bansal-lawyers-melbourne,https://bansallawyers.com.au/images/blog/Top_10_legal_Service_in_Australia.jpg,404,27 Nov 2025 (08:30 UTC)
https://bansallawyers.com.au/top-legal-risks-for-small-businesses,https://bansallawyers.com.au/images/blog/Top_10_legal_Service_in_Australia.jpg,404,27 Nov 2025 (08:30 UTC)
https://bansallawyers.com.au/understanding-de-facto-relationship-vs-marriage-australia,https://bansallawyers.com.au/images/blog/Top_10_legal_Service_in_Australia.jpg,404,27 Nov 2025 (08:30 UTC)
https://bansallawyers.com.au/what-is-the-civil-dispute-resolution-act-2011-australia,https://bansallawyers.com.au/images/blog/Top_10_legal_Service_in_Australia.jpg,404,27 Nov 2025 (08:30 UTC)
https://bansallawyers.com.au/why-you-need-power-of-attorney-bansal-lawyers-australia,https://bansallawyers.com.au/images/blog/Top_10_legal_Service_in_Australia.jpg,404,27 Nov 2025 (08:30 UTC)
https://www.bansallawyers.com.au/administrative-law-explained-expert-guidance-bansal-lawyers,https://www.bansallawyers.com.au/images/blog/Top_10_legal_Service_in_Australia.jpg,404,27 Nov 2025 (08:30 UTC)
https://www.bansallawyers.com.au/breaking-australia-national-innovation-visa-set-to-revolutionize-immigration-in-2024,https://www.bansallawyers.com.au/images/blog/Top_10_legal_Service_in_Australia.jpg,404,27 Nov 2025 (08:30 UTC)
https://www.bansallawyers.com.au/breaking-rental-agreement-early-in-australia,https://www.bansallawyers.com.au/images/blog/Top_10_legal_Service_in_Australia.jpg,404,27 Nov 2025 (08:30 UTC)
https://www.bansallawyers.com.au/closing-loopholes-reforms-independent-contractors,https://www.bansallawyers.com.au/images/blog/Top_10_legal_Service_in_Australia.jpg,404,27 Nov 2025 (08:30 UTC)
https://www.bansallawyers.com.au/difference-between-courts-and-administrative-review-tribunal,https://www.bansallawyers.com.au/images/blog/Top_10_legal_Service_in_Australia.jpg,404,27 Nov 2025 (08:30 UTC)
https://www.bansallawyers.com.au/divorce-laws-india-vs-australia,https://www.bansallawyers.com.au/images/blog/Top_10_legal_Service_in_Australia.jpg,404,27 Nov 2025 (08:30 UTC)
https://www.bansallawyers.com.au/dont-miss-out-why-the-new-subclass-482-sid-visa-is-the-fastest-way-to-work-and-stay-in-australia,https://www.bansallawyers.com.au/images/blog/Top_10_legal_Service_in_Australia.jpg,404,27 Nov 2025 (08:30 UTC)
https://www.bansallawyers.com.au/exciting-changes-to-australias-administrative-review-system,https://www.bansallawyers.com.au/images/blog/Top_10_legal_Service_in_Australia.jpg,404,27 Nov 2025 (08:30 UTC)
https://www.bansallawyers.com.au/guide-to-successful-co-parenting-after-divorce,https://www.bansallawyers.com.au/images/blog/Top_10_legal_Service_in_Australia.jpg,404,27 Nov 2025 (08:30 UTC)
https://www.bansallawyers.com.au/hiding-assets-during-divorce-australia,https://www.bansallawyers.com.au/images/blog/Top_10_legal_Service_in_Australia.jpg,404,27 Nov 2025 (08:30 UTC)
https://www.bansallawyers.com.au/how-to-appeal-visa-refusal-administrative-review-tribunal,https://www.bansallawyers.com.au/images/blog/Top_10_legal_Service_in_Australia.jpg,404,27 Nov 2025 (08:30 UTC)
https://www.bansallawyers.com.au/how-to-appeal-visa-refusal-cancellation-art,https://www.bansallawyers.com.au/images/blog/Top_10_legal_Service_in_Australia.jpg,404,27 Nov 2025 (08:30 UTC)
https://www.bansallawyers.com.au/how-to-build-strong-brand-legal-considerations-for-your-business-identity-in-australia,https://www.bansallawyers.com.au/images/blog/Top_10_legal_Service_in_Australia.jpg,404,27 Nov 2025 (08:30 UTC)
https://www.bansallawyers.com.au/how-to-divide-finances-and-property-after-separation-australia,https://www.bansallawyers.com.au/images/blog/Top_10_legal_Service_in_Australia.jpg,404,27 Nov 2025 (08:30 UTC)
https://www.bansallawyers.com.au/human-rights-legal-recourse-australia,https://www.bansallawyers.com.au/images/blog/Top_10_legal_Service_in_Australia.jpg,404,27 Nov 2025 (08:30 UTC)
https://www.bansallawyers.com.au/important-changes-to-student-visa-processing-ministerial-direction,https://www.bansallawyers.com.au/images/blog/Top_10_legal_Service_in_Australia.jpg,404,27 Nov 2025 (08:30 UTC)
https://www.bansallawyers.com.au/judicial-review-of-migration-decisions-in-australia-a-guide-by-bansal-lawyers,https://www.bansallawyers.com.au/images/blog/Top_10_legal_Service_in_Australia.jpg,404,27 Nov 2025 (08:30 UTC)
https://www.bansallawyers.com.au/navigating-corporate-litigation,https://www.bansallawyers.com.au/images/blog/Top_10_legal_Service_in_Australia.jpg,404,27 Nov 2025 (08:30 UTC)
https://www.bansallawyers.com.au/noicc-visa-cancellation-australia,https://www.bansallawyers.com.au/images/blog/Top_10_legal_Service_in_Australia.jpg,404,27 Nov 2025 (08:30 UTC)
https://www.bansallawyers.com.au/parenting-arrangements-after-divorce-in-australia,https://www.bansallawyers.com.au/images/blog/Top_10_legal_Service_in_Australia.jpg,404,27 Nov 2025 (08:30 UTC)
https://www.bansallawyers.com.au/step-by-step-guide-applying-divorce-in-australia,https://www.bansallawyers.com.au/images/blog/Top_10_legal_Service_in_Australia.jpg,404,27 Nov 2025 (08:30 UTC)
https://www.bansallawyers.com.au/top-10-legal-services-australia-bansal-lawyers-melbourne,https://www.bansallawyers.com.au/images/blog/Top_10_legal_Service_in_Australia.jpg,404,27 Nov 2025 (08:30 UTC)
https://www.bansallawyers.com.au/top-legal-risks-for-small-businesses,https://www.bansallawyers.com.au/images/blog/Top_10_legal_Service_in_Australia.jpg,404,27 Nov 2025 (08:30 UTC)
https://www.bansallawyers.com.au/understanding-administrative-law-bansal-lawyers,https://www.bansallawyers.com.au/images/blog/Top_10_legal_Service_in_Australia.jpg,404,27 Nov 2025 (08:30 UTC)
https://www.bansallawyers.com.au/understanding-affidavits-statutory-declarations-statements-of-evidence,https://www.bansallawyers.com.au/images/blog/Top_10_legal_Service_in_Australia.jpg,404,27 Nov 2025 (08:30 UTC)
https://www.bansallawyers.com.au/understanding-de-facto-relationship-vs-marriage-australia,https://www.bansallawyers.com.au/images/blog/Top_10_legal_Service_in_Australia.jpg,404,27 Nov 2025 (08:30 UTC)
https://www.bansallawyers.com.au/understanding-family-law-court-fees-australia,https://www.bansallawyers.com.au/images/blog/Top_10_legal_Service_in_Australia.jpg,404,27 Nov 2025 (08:30 UTC)
https://www.bansallawyers.com.au/visa-refusal-australia-review-appeal-bansal-lawyers,https://www.bansallawyers.com.au/images/blog/Top_10_legal_Service_in_Australia.jpg,404,27 Nov 2025 (08:30 UTC)
https://www.bansallawyers.com.au/what-is-the-civil-dispute-resolution-act-2011-australia,https://www.bansallawyers.com.au/images/blog/Top_10_legal_Service_in_Australia.jpg,404,27 Nov 2025 (08:30 UTC)
https://www.bansallawyers.com.au/why-you-need-power-of-attorney-bansal-lawyers-australia,https://www.bansallawyers.com.au/images/blog/Top_10_legal_Service_in_Australia.jpg,404,27 Nov 2025 (08:30 UTC)
